date,close,y_pred,y_pred_best,y_pred_xgb,y_pred_crossover,y_pred_rsi
2020-05-04,293.16,0,1,1,0,0
2020-05-05,297.56,1,1,1,0,0
2020-05-06,300.63,0,1,0,0,0
2020-05-07,303.74,0,1,0,0,0
2020-05-08,310.13,0,1,0,0,0
2020-05-11,315.01,0,1,0,0,0
2020-05-12,311.41,0,1,0,0,0
2020-05-13,307.65,0,1,0,0,0
2020-05-14,309.54,0,1,0,0,0
2020-05-15,307.71,0,1,0,0,0
2020-05-18,314.96,0,1,0,0,0
2020-05-19,313.14,0,1,0,0,0
2020-05-20,319.23,0,1,0,0,0
2020-05-21,316.85,0,1,0,0,0
2020-05-22,318.89,0,1,0,0,0
2020-05-26,316.73,0,1,0,0,0
2020-05-27,318.11,0,1,0,0,0
2020-05-28,318.25,0,1,0,0,0
2020-05-29,317.94,0,1,0,0,0
2020-06-01,321.85,0,1,0,0,0
2020-06-02,323.34,0,1,0,0,0
2020-06-03,325.12,0,1,0,0,0
2020-06-04,322.32,0,1,0,0,0
2020-06-05,331.5,0,1,0,0,0
2020-06-08,333.46,0,1,0,0,0
2020-06-09,343.99,0,1,0,0,0
2020-06-10,352.84,1,1,0,0,0
2020-06-11,335.9,0,1,0,0,0
2020-06-12,338.8,0,1,0,0,0
2020-06-15,342.99,0,1,1,0,0
2020-06-16,352.08,0,1,0,0,0
2020-06-17,351.59,0,1,0,0,0
2020-06-18,351.73,0,1,0,0,0
2020-06-19,349.72,0,1,0,0,0
2020-06-22,358.87,0,1,0,0,0
2020-06-23,366.53,1,1,1,0,0
2020-06-24,360.06,0,1,0,0,0
2020-06-25,364.84,1,1,1,0,0
2020-06-26,353.63,1,1,1,0,0
2020-06-29,361.78,0,1,0,0,0
2020-06-30,364.8,0,1,0,0,0
2020-07-01,364.11,0,1,1,0,0
2020-07-02,364.11,0,1,0,0,0
2020-07-06,373.85,0,1,0,0,0
2020-07-07,372.69,0,1,0,0,0
2020-07-08,381.37,0,1,0,0,0
2020-07-09,383.01,1,1,1,0,0
2020-07-10,383.68,1,1,1,0,0
2020-07-13,381.91,1,1,1,0,0
2020-07-14,388.23,1,1,1,1,0
2020-07-15,390.9,1,1,1,1,0
2020-07-16,386.09,0,1,1,1,0
2020-07-17,385.31,0,1,1,1,0
2020-07-20,393.43,1,1,1,1,0
2020-07-21,388.0,0,1,0,1,0
2020-07-22,389.09,0,1,1,1,0
2020-07-23,371.38,0,0,0,1,0
2020-07-24,370.46,0,0,0,1,0
2020-07-27,379.24,0,0,0,1,0
2020-07-28,373.01,1,0,1,1,0
2020-07-29,380.16,1,1,1,1,0
2020-07-30,384.76,1,1,1,1,0
2020-07-31,425.04,1,1,1,1,0
2020-08-03,435.75,0,1,1,1,0
2020-08-04,438.66,0,1,1,1,0
2020-08-05,440.25,0,1,0,1,0
2020-08-06,455.61,0,1,0,1,0
2020-08-07,444.45,1,1,1,1,0
2020-08-10,450.91,1,1,1,1,0
2020-08-11,437.5,1,1,1,1,0
2020-08-12,452.04,0,1,1,1,0
2020-08-13,460.04,1,1,1,1,0
2020-08-14,459.63,1,1,1,1,0
2020-08-17,458.43,1,1,1,1,0
2020-08-18,462.25,1,1,1,1,0
2020-08-19,462.83,1,1,1,1,0
2020-08-20,473.1,1,1,1,1,0
2020-08-21,497.48,1,1,1,1,0
2020-08-24,503.43,1,1,1,1,0
2020-08-25,499.3,1,1,0,1,0
2020-08-26,506.09,1,1,0,1,0
2020-08-27,500.04,0,1,0,1,0
2020-08-28,499.23,0,1,1,1,0
2020-08-31,129.04,1,1,0,1,1
2020-09-01,134.18,1,1,1,1,1
2020-09-02,131.4,1,1,1,0,1
2020-09-03,120.88,0,0,1,0,1
2020-09-04,120.96,1,1,1,0,1
2020-09-08,112.82,0,0,1,0,1
2020-09-09,117.32,0,0,1,0,1
2020-09-10,113.49,1,1,1,0,1
2020-09-11,112.0,0,1,1,0,1
2020-09-14,115.355,0,1,1,0,1
2020-09-15,115.54,0,1,1,0,1
2020-09-16,112.13,0,1,0,0,1
2020-09-17,110.34,0,0,0,0,1
2020-09-18,106.84,0,0,0,0,1
2020-09-21,110.08,0,1,0,0,1
2020-09-22,111.81,0,0,0,0,1
2020-09-23,107.12,0,1,0,0,1
2020-09-24,108.22,0,0,0,0,1
2020-09-25,112.28,0,0,0,0,1
2020-09-28,114.96,0,0,1,0,1
2020-09-29,114.09,0,0,0,0,1
2020-09-30,115.81,0,0,1,0,1
2020-10-01,116.79,0,0,1,0,1
2020-10-02,113.02,1,0,1,0,1
2020-10-05,116.5,0,0,0,0,1
2020-10-06,113.16,1,0,0,0,1
2020-10-07,115.08,0,0,0,0,1
2020-10-08,114.97,0,0,0,0,1
2020-10-09,116.97,0,0,0,0,1
2020-10-12,124.4,0,0,0,0,0
2020-10-13,121.1,0,0,1,0,0
2020-10-14,121.19,0,0,0,0,0
2020-10-15,120.71,0,0,0,0,0
2020-10-16,119.02,0,0,1,0,0
2020-10-19,115.98,0,0,1,0,0
2020-10-20,117.51,1,0,1,0,0
2020-10-21,116.87,1,1,1,0,0
2020-10-22,115.75,1,1,1,0,0
2020-10-23,115.04,1,1,1,0,0
2020-10-26,115.05,1,1,1,0,0
2020-10-27,116.6,1,0,1,0,0
2020-10-28,111.2,1,1,1,0,1
2020-10-29,115.32,1,0,1,0,0
2020-10-30,108.86,1,1,1,0,0
2020-11-02,108.77,1,1,1,0,0
2020-11-03,110.44,1,1,1,0,0
2020-11-04,114.95,0,0,0,0,0
2020-11-05,119.03,0,0,0,0,0
2020-11-06,118.69,0,0,0,0,0
2020-11-09,116.32,0,0,0,0,0
2020-11-10,115.97,1,0,1,0,0
2020-11-11,119.49,0,0,0,0,0
2020-11-12,119.21,1,0,0,1,0
2020-11-13,119.26,1,1,1,1,0
2020-11-16,120.3,1,0,0,1,0
2020-11-17,119.39,0,0,1,1,0
2020-11-18,118.03,0,0,0,1,0
2020-11-19,118.64,1,0,0,1,0
2020-11-20,117.34,1,0,0,1,0
2020-11-23,113.85,0,1,0,1,0
2020-11-24,115.17,1,0,1,1,0
2020-11-25,116.03,0,0,1,1,0
2020-11-27,116.59,1,1,1,1,0
2020-11-30,119.05,1,1,1,1,0
2020-12-01,122.72,1,1,1,1,0
2020-12-02,123.08,0,1,1,1,0
2020-12-03,122.94,0,1,0,1,0
2020-12-04,122.25,0,1,1,1,0
2020-12-07,123.75,1,0,0,1,0
2020-12-08,124.38,1,1,0,1,0
2020-12-09,121.78,0,1,0,1,0
2020-12-10,123.24,0,1,0,1,0
2020-12-11,122.41,0,1,0,1,0
2020-12-14,121.78,0,1,0,1,0
2020-12-15,127.88,1,1,1,1,0
2020-12-16,127.81,1,1,1,1,0
2020-12-17,128.7,0,1,0,1,0
2020-12-18,126.655,0,1,1,1,0
2020-12-21,128.23,1,1,1,1,0
2020-12-22,131.88,0,1,0,1,0
2020-12-23,130.96,1,1,1,1,0
2020-12-24,131.97,0,1,0,1,0
2020-12-28,136.69,1,1,1,1,0
2020-12-29,134.87,0,1,0,1,0
2020-12-30,133.72,0,1,1,1,0
2020-12-31,132.69,0,1,1,1,0
2021-01-04,129.41,1,1,1,1,0
2021-01-05,131.01,0,1,1,1,0
2021-01-06,126.6,1,1,1,1,0
2021-01-07,130.92,0,1,1,1,0
2021-01-08,132.05,0,1,0,1,0
2021-01-11,128.98,0,1,0,1,0
2021-01-12,128.8,0,1,0,1,0
2021-01-13,130.89,0,1,0,1,0
2021-01-14,128.91,0,1,0,1,0
2021-01-15,127.14,1,1,0,1,0
2021-01-19,127.83,0,1,0,1,0
2021-01-20,132.03,1,1,1,1,0
2021-01-21,136.87,1,1,1,1,0
2021-01-22,139.07,1,1,1,1,0
2021-01-25,142.92,1,1,0,1,0
2021-01-26,143.16,1,1,1,1,0
2021-01-27,142.06,0,1,0,1,0
2021-01-28,137.09,0,1,0,1,0
2021-01-29,131.96,1,1,1,1,0
2021-02-01,134.14,1,1,0,1,0
2021-02-02,134.99,1,1,1,1,0
2021-02-03,133.94,1,1,0,1,0
2021-02-04,137.39,0,0,0,1,0
2021-02-05,136.76,1,1,0,1,0
2021-02-08,136.91,1,1,1,1,0
2021-02-09,136.01,0,1,1,1,0
2021-02-10,135.39,1,1,0,1,0
2021-02-11,135.13,0,1,1,1,0
2021-02-12,135.37,0,1,0,1,0
2021-02-16,133.19,1,1,1,1,0
2021-02-17,130.84,1,1,1,1,0
2021-02-18,129.71,0,0,0,1,0
2021-02-19,129.87,0,0,0,1,0
2021-02-22,126.0,1,1,1,1,0
2021-02-23,125.86,0,1,1,0,0
2021-02-24,125.35,1,1,1,0,0
2021-02-25,120.99,1,1,0,0,1
2021-02-26,121.26,1,1,1,0,1
2021-03-01,127.79,0,1,0,0,0
2021-03-02,125.12,1,1,0,0,0
2021-03-03,122.06,0,1,0,0,0
2021-03-04,120.13,1,1,1,0,0
2021-03-05,121.42,0,1,0,0,0
2021-03-08,116.36,0,1,1,0,0
2021-03-09,121.085,0,0,0,0,0
2021-03-10,119.98,0,0,0,0,0
2021-03-11,121.96,0,0,0,0,0
2021-03-12,121.03,0,0,0,0,0
2021-03-15,123.99,1,1,0,0,0
2021-03-16,125.57,1,1,1,0,0
2021-03-17,124.76,1,1,1,0,0
2021-03-18,120.53,0,1,0,0,0
2021-03-19,119.99,0,1,0,0,0
2021-03-22,123.39,1,1,1,0,0
2021-03-23,122.54,0,1,0,0,0
2021-03-24,120.09,0,1,0,0,0
2021-03-25,120.59,0,1,0,0,0
2021-03-26,121.21,0,1,0,0,0
2021-03-29,121.39,0,1,1,0,0
2021-03-30,119.9,1,1,1,0,0
2021-03-31,122.15,0,1,1,0,0
2021-04-01,123.0,1,1,1,0,0
2021-04-05,125.9,0,1,0,0,0
2021-04-06,126.21,0,1,1,0,0
2021-04-07,127.9,1,1,1,0,0
2021-04-08,130.36,0,1,1,0,0
2021-04-09,132.995,1,1,1,0,0
2021-04-12,131.24,1,1,1,0,0
2021-04-13,134.43,1,1,1,1,0
2021-04-14,132.03,1,1,0,1,0
2021-04-15,134.5,1,1,1,1,0
2021-04-16,134.16,0,1,0,1,0
2021-04-19,134.84,1,1,0,1,0
2021-04-20,133.11,0,1,0,1,0
2021-04-21,133.5,0,1,1,1,0
2021-04-22,131.94,0,1,0,1,0
2021-04-23,134.32,1,1,1,1,0
2021-04-26,134.72,0,1,0,1,0
2021-04-27,134.39,1,1,1,1,0
2021-04-28,133.58,0,1,1,1,0
2021-04-29,133.48,0,1,1,1,0
2021-04-30,131.46,0,0,1,1,0
2021-05-03,132.54,1,1,0,1,0
2021-05-04,127.85,0,1,1,1,0
2021-05-05,128.1,1,1,1,1,0
2021-05-06,129.74,0,1,1,1,0
2021-05-07,130.21,0,1,0,1,0
2021-05-10,126.85,0,0,0,1,0
2021-05-11,125.91,0,0,0,1,0
2021-05-12,122.77,1,1,0,1,0
2021-05-13,124.97,1,1,1,1,0
2021-05-14,127.45,0,1,0,1,0
2021-05-17,126.27,1,1,0,0,0
2021-05-18,124.85,0,1,1,0,0
2021-05-19,124.69,0,1,0,0,0
2021-05-20,127.31,1,1,1,0,0
2021-05-21,125.43,1,1,1,0,0
2021-05-24,127.1,1,1,1,0,0
2021-05-25,126.9,1,1,1,0,0
2021-05-26,126.85,1,1,1,0,0
2021-05-27,125.28,0,1,1,0,0
2021-05-28,124.61,1,1,1,0,0
2021-06-01,124.28,1,1,1,0,0
2021-06-02,125.06,1,1,1,0,0
2021-06-03,123.54,0,1,1,0,0
2021-06-04,125.89,1,1,1,0,0
2021-06-07,125.9,1,1,1,0,0
2021-06-08,126.74,1,1,1,0,0
2021-06-09,127.13,1,1,1,0,0
2021-06-10,126.11,1,1,1,0,0
2021-06-11,127.35,0,1,0,0,0
2021-06-14,130.48,1,1,1,0,0
2021-06-15,129.64,1,1,1,0,0
2021-06-16,130.15,0,1,0,0,0
2021-06-17,131.79,1,1,1,0,0
2021-06-18,130.46,1,1,1,0,0
2021-06-21,132.3,1,1,1,1,0
2021-06-22,133.98,1,1,1,1,0
2021-06-23,133.7,0,1,0,1,0
2021-06-24,133.41,0,1,1,1,0
2021-06-25,133.11,1,1,1,1,0
2021-06-28,134.78,1,1,1,1,0
2021-06-29,136.33,1,1,1,1,0
2021-06-30,136.96,1,1,1,1,0
2021-07-01,137.27,1,1,1,1,0
2021-07-02,139.96,1,1,1,1,0
2021-07-06,142.02,1,1,1,1,0
2021-07-07,144.57,0,1,1,1,0
2021-07-08,143.24,1,1,1,1,0
2021-07-09,145.11,0,1,0,1,0
2021-07-12,144.5,1,1,1,1,0
2021-07-13,145.64,1,1,1,1,0
2021-07-14,149.15,0,1,0,1,0
2021-07-15,148.48,0,1,0,1,0
2021-07-16,146.39,0,1,1,1,0
2021-07-19,142.45,1,1,1,1,0
2021-07-20,146.15,1,1,0,1,0
2021-07-21,145.4,1,1,1,1,0
2021-07-22,146.8,0,1,0,1,0
2021-07-23,148.56,0,1,1,1,0
2021-07-26,148.99,0,1,1,1,0
2021-07-27,146.77,0,1,0,1,0
2021-07-28,144.98,0,1,1,1,0
2021-07-29,145.64,1,1,0,1,0
2021-07-30,145.86,0,1,1,1,0
2021-08-02,145.52,0,1,1,1,0
2021-08-03,147.36,0,1,0,1,0
2021-08-04,146.95,1,1,1,1,0
2021-08-05,147.06,1,1,1,1,0
2021-08-06,146.14,0,1,0,1,0
2021-08-09,146.09,0,0,0,1,0
2021-08-10,145.6,0,1,1,1,0
2021-08-11,145.86,0,1,1,1,0
2021-08-12,148.89,0,1,1,1,0
2021-08-13,149.1,0,1,1,1,0
2021-08-16,151.12,0,1,0,1,0
2021-08-17,150.19,0,1,0,1,0
2021-08-18,146.36,1,1,0,1,0
2021-08-19,146.7,1,1,0,1,0
2021-08-20,148.19,1,1,1,1,0
2021-08-23,149.71,1,1,1,1,0
2021-08-24,149.62,1,1,1,1,0
2021-08-25,148.36,1,1,0,1,0
2021-08-26,147.54,0,1,0,1,0
2021-08-27,148.6,1,1,1,1,0
2021-08-30,153.12,1,1,1,1,0
2021-08-31,151.83,1,1,1,1,0
2021-09-01,152.51,0,1,0,1,0
2021-09-02,153.65,1,1,1,1,0
2021-09-03,154.3,1,1,1,1,0
2021-09-07,156.69,1,1,1,1,0
2021-09-08,155.11,1,1,0,1,0
2021-09-09,154.07,1,1,1,1,0
2021-09-10,148.97,1,0,0,1,0
2021-09-13,149.55,1,1,0,1,0
2021-09-14,148.12,1,1,0,1,0
2021-09-15,149.03,1,1,1,1,0
2021-09-16,148.79,1,1,0,1,0
2021-09-17,146.06,0,0,0,1,0
2021-09-20,142.94,0,1,0,1,0
2021-09-21,143.43,1,1,1,1,0
2021-09-22,145.85,1,1,1,0,0
2021-09-23,146.83,1,1,1,0,0
2021-09-24,146.92,1,1,1,0,0
2021-09-27,145.37,0,1,0,0,0
2021-09-28,141.91,0,1,0,0,0
2021-09-29,142.83,1,1,0,0,0
2021-09-30,141.5,1,1,1,0,0
2021-10-01,142.65,0,1,1,0,0
2021-10-04,139.14,1,1,1,0,0
2021-10-05,141.11,0,1,0,0,0
2021-10-06,142.0,0,1,0,0,0
2021-10-07,143.29,1,1,1,0,0
2021-10-08,142.9,0,1,0,0,0
2021-10-11,142.81,0,1,0,0,0
2021-10-12,141.51,0,1,0,0,0
2021-10-13,140.91,0,1,0,0,0
2021-10-14,143.76,1,1,0,0,0
2021-10-15,144.84,0,1,1,0,0
2021-10-18,146.55,0,1,1,0,0
2021-10-19,148.76,1,1,1,0,0
2021-10-20,149.26,1,1,1,0,0
2021-10-21,149.48,1,1,1,0,0
2021-10-22,148.69,0,1,0,0,0
2021-10-25,148.64,1,1,0,0,0
2021-10-26,149.32,0,1,1,0,0
2021-10-27,148.85,1,1,1,1,0
2021-10-28,152.57,1,1,1,1,0
2021-10-29,149.8,0,1,0,1,0
2021-11-01,148.96,0,1,1,1,0
2021-11-02,150.02,1,1,1,1,0
2021-11-03,151.49,1,1,1,1,0
2021-11-04,150.96,0,1,0,1,0
2021-11-05,151.28,0,1,0,1,0
2021-11-08,150.44,0,0,0,1,0
2021-11-09,150.81,1,1,1,1,0
2021-11-10,147.92,0,1,0,1,0
2021-11-11,147.87,1,1,1,1,0
2021-11-12,149.99,0,1,1,1,0
2021-11-15,150.0,0,0,0,1,0
2021-11-16,151.0,1,1,1,1,0
2021-11-17,153.49,0,1,1,1,0
2021-11-18,157.87,0,1,0,1,0
2021-11-19,160.55,0,1,0,1,0
2021-11-22,161.02,1,1,1,1,0
2021-11-23,161.41,1,1,1,1,0
2021-11-24,161.94,1,1,1,1,0
2021-11-26,156.81,1,1,1,1,0
2021-11-29,160.24,1,1,1,1,0
2021-11-30,165.3,1,1,1,1,0
2021-12-01,164.77,1,1,1,1,0
2021-12-02,163.76,1,1,1,1,0
2021-12-03,161.84,1,1,1,1,0
2021-12-06,165.32,1,1,1,1,0
2021-12-07,171.18,1,1,1,1,0
2021-12-08,175.08,0,1,0,1,0
2021-12-09,174.56,0,1,0,1,0
2021-12-10,179.45,1,1,1,1,0
2021-12-13,175.74,0,1,0,1,0
2021-12-14,174.33,1,1,1,1,0
2021-12-15,179.3,1,1,0,1,0
2021-12-16,172.26,0,1,0,1,0
2021-12-17,171.14,0,1,1,1,0
2021-12-20,169.75,0,1,1,1,0
2021-12-21,172.99,1,1,0,1,0
2021-12-22,175.64,1,1,0,1,0
2021-12-23,176.28,1,1,1,1,0
2021-12-27,180.33,1,1,1,1,0
2021-12-28,179.29,1,1,1,1,0
2021-12-29,179.38,1,1,1,1,0
2021-12-30,178.2,1,1,1,1,0
2021-12-31,177.57,1,1,1,1,0
2022-01-03,182.01,1,1,1,1,0
2022-01-04,179.7,1,1,1,1,0
2022-01-05,174.92,0,1,1,1,0
2022-01-06,172.0,1,1,1,1,0
2022-01-07,172.17,1,1,1,1,0
2022-01-10,172.19,1,1,1,1,0
2022-01-11,175.08,1,1,1,1,0
2022-01-12,175.53,0,0,0,1,0
2022-01-13,172.19,1,1,1,1,0
2022-01-14,173.07,0,1,0,1,0
2022-01-18,169.8,1,1,1,1,0
2022-01-19,166.23,1,1,1,1,0
2022-01-20,164.51,1,1,1,1,0
2022-01-21,162.41,0,1,0,1,0
2022-01-24,161.62,1,1,1,1,0
2022-01-25,159.78,1,1,1,0,0
2022-01-26,159.69,1,1,1,0,0
2022-01-27,159.22,0,1,1,0,0
2022-01-28,170.33,1,1,1,0,0
2022-01-31,174.78,0,1,1,0,0
2022-02-01,174.61,1,1,1,0,0
2022-02-02,175.84,1,1,1,0,0
2022-02-03,172.9,1,1,1,0,0
2022-02-04,172.39,1,1,1,0,0
2022-02-07,171.66,0,1,0,0,0
2022-02-08,174.83,0,0,0,0,0
2022-02-09,176.28,1,1,1,1,0
2022-02-10,172.12,1,1,1,1,0
2022-02-11,168.64,1,1,1,1,0
2022-02-14,168.88,1,1,1,1,0
2022-02-15,172.79,0,1,0,1,0
2022-02-16,172.55,0,1,0,0,0
2022-02-17,168.88,1,1,1,0,0
2022-02-18,167.3,1,1,1,0,0
2022-02-22,164.32,0,1,1,0,0
2022-02-23,160.07,1,1,1,0,0
2022-02-24,162.74,1,1,1,0,0
2022-02-25,164.85,1,1,1,0,0
2022-02-28,165.12,1,1,1,0,0
2022-03-01,163.2,0,1,0,0,0
2022-03-02,166.56,0,1,1,0,0
2022-03-03,166.23,0,1,0,0,0
2022-03-04,163.17,0,1,1,0,0
2022-03-07,159.3,0,1,0,0,0
2022-03-08,157.44,0,1,0,0,0
2022-03-09,162.95,1,1,1,0,0
2022-03-10,158.52,1,1,1,0,0
2022-03-11,154.73,1,1,0,0,0
2022-03-14,150.62,1,1,1,0,0
2022-03-15,155.09,0,0,0,0,0
2022-03-16,159.59,1,1,1,0,0
2022-03-17,160.62,1,0,0,0,0
2022-03-18,163.98,1,1,1,0,0
2022-03-21,165.38,1,1,0,0,0
2022-03-22,168.82,1,1,1,0,0
2022-03-23,170.21,1,1,1,0,0
2022-03-24,174.07,1,1,1,0,0
2022-03-25,174.72,0,1,1,0,0
2022-03-28,175.6,1,1,1,1,0
2022-03-29,178.96,1,1,1,1,0
2022-03-30,177.77,0,1,0,1,0
2022-03-31,174.61,0,1,0,1,0
2022-04-01,174.31,1,1,0,1,0
2022-04-04,178.44,1,1,0,1,0
2022-04-05,175.06,1,1,1,1,0
2022-04-06,171.83,1,1,1,1,0
2022-04-07,172.14,1,1,1,1,0
2022-04-08,170.09,1,1,1,1,0
2022-04-11,165.75,1,1,1,1,0
2022-04-12,167.66,1,1,1,1,0
2022-04-13,170.4,1,1,0,1,0
2022-04-14,165.29,0,1,1,1,0
2022-04-18,165.07,0,1,0,1,0
2022-04-19,167.4,0,1,0,1,0
2022-04-20,167.23,0,1,0,1,0
2022-04-21,166.42,0,0,0,1,0
2022-04-22,161.79,0,1,0,0,0
2022-04-25,162.88,0,1,1,0,0
2022-04-26,156.8,0,1,0,0,0
2022-04-27,156.57,0,1,1,0,0
2022-04-28,163.64,1,1,1,0,0
2022-04-29,157.65,1,1,1,0,0
2022-05-02,157.96,1,1,1,0,0
2022-05-03,159.48,1,1,1,0,0
2022-05-04,166.02,1,1,1,0,0
2022-05-05,156.77,0,1,0,0,0
2022-05-06,157.28,0,1,0,0,0
2022-05-09,152.06,0,1,0,0,0
2022-05-10,154.51,0,0,1,0,0
2022-05-11,146.5,1,1,1,0,0
2022-05-12,142.56,0,1,0,0,0
2022-05-13,147.11,1,1,1,0,0
2022-05-16,145.54,0,1,0,0,0
2022-05-17,149.24,0,0,0,0,0
2022-05-18,140.82,1,0,1,0,0
2022-05-19,137.35,1,1,1,0,0
2022-05-20,137.59,0,1,1,0,0
2022-05-23,143.11,0,0,0,0,0
2022-05-24,140.36,0,1,1,0,0
2022-05-25,140.52,0,1,1,0,0
2022-05-26,143.78,0,0,0,0,0
2022-05-27,149.64,1,0,0,0,0
2022-05-31,148.84,0,0,1,0,0
2022-06-01,148.71,0,0,1,0,0
2022-06-02,151.21,0,0,1,0,0
2022-06-03,145.38,0,0,0,0,0
2022-06-06,146.14,1,0,1,0,0
2022-06-07,148.71,1,0,1,0,0
2022-06-08,147.96,1,1,1,0,0
2022-06-09,142.64,1,1,1,0,0
2022-06-10,137.13,1,1,1,0,0
2022-06-13,131.88,1,1,1,0,0
2022-06-14,132.76,1,1,1,0,0
2022-06-15,135.43,1,1,0,0,0
2022-06-16,130.06,0,1,1,0,0
2022-06-17,131.56,1,1,1,0,0
2022-06-21,135.87,1,0,0,0,0
2022-06-22,135.35,0,0,0,0,0
2022-06-23,138.27,1,0,1,0,0
2022-06-24,141.66,0,0,1,0,0
2022-06-27,141.66,0,0,0,0,0
2022-06-28,137.44,1,0,0,0,0
2022-06-29,139.23,1,0,1,0,0
2022-06-30,136.72,1,1,1,0,0
2022-07-01,138.93,1,1,1,0,0
2022-07-05,141.56,1,1,1,0,0
2022-07-06,142.92,1,1,1,0,0
2022-07-07,146.35,0,1,0,0,0
2022-07-08,147.04,1,1,0,0,0
2022-07-11,144.87,0,1,0,0,0
2022-07-12,145.86,1,1,0,0,0
2022-07-13,145.49,0,1,0,0,0
2022-07-14,148.47,1,1,1,0,0
2022-07-15,150.17,1,1,1,1,0
2022-07-18,147.07,1,1,1,1,0
2022-07-19,151.0,0,1,0,1,0
2022-07-20,153.04,1,1,1,1,0
2022-07-21,155.35,0,1,0,1,0
2022-07-22,154.09,1,1,1,1,0
2022-07-25,152.95,0,1,1,1,0
2022-07-26,151.6,1,1,1,1,0
2022-07-27,156.79,1,1,1,1,0
2022-07-28,157.35,0,1,1,1,0
2022-07-29,162.51,0,1,1,1,0
2022-08-01,161.51,0,1,1,1,0
2022-08-02,160.01,0,1,0,1,0
2022-08-03,166.13,1,1,0,1,0
2022-08-04,165.81,1,1,0,1,0
2022-08-05,165.35,0,1,0,1,0
2022-08-08,164.87,1,1,1,1,0
2022-08-09,164.92,1,1,1,1,0
2022-08-10,169.24,0,1,0,1,0
2022-08-11,168.49,1,1,0,1,0
2022-08-12,172.1,0,1,1,1,0
2022-08-15,173.19,0,1,0,1,0
2022-08-16,173.03,1,1,0,1,0
2022-08-17,174.55,1,1,1,1,0
2022-08-18,174.15,0,1,0,1,0
2022-08-19,171.52,0,1,0,1,0
2022-08-22,167.57,0,1,1,1,0
2022-08-23,167.23,0,1,0,1,0
2022-08-24,167.53,1,1,1,1,0
2022-08-25,170.03,1,1,1,1,0
2022-08-26,163.62,1,1,1,1,0
2022-08-29,161.38,1,1,0,1,0
2022-08-30,158.91,0,1,0,1,0
2022-08-31,157.22,0,1,0,1,0
2022-09-01,157.96,1,1,1,1,0
2022-09-02,155.81,1,1,1,1,0
2022-09-06,154.53,1,1,1,1,0
2022-09-07,155.96,0,1,0,1,0
2022-09-08,154.46,0,1,0,1,0
2022-09-09,157.37,0,1,0,0,0
2022-09-12,163.43,0,1,0,0,0
2022-09-13,153.84,1,1,1,0,0
2022-09-14,155.31,1,1,1,0,0
2022-09-15,152.37,1,1,1,0,0
2022-09-16,150.7,1,1,0,0,0
2022-09-19,154.48,0,1,0,0,0
2022-09-20,156.9,0,1,1,0,0
2022-09-21,153.72,1,1,1,0,0
2022-09-22,152.74,1,1,0,0,0
2022-09-23,150.43,1,1,0,0,0
2022-09-26,150.77,1,1,1,0,0
2022-09-27,151.76,0,1,0,0,0
2022-09-28,149.84,1,1,1,0,0
2022-09-29,142.48,1,1,1,0,0
2022-09-30,138.2,1,1,0,0,1
2022-10-03,142.45,1,1,1,0,0
2022-10-04,146.1,0,0,1,0,0
2022-10-05,146.4,1,0,1,0,0
2022-10-06,145.43,0,0,1,0,0
2022-10-07,140.09,0,1,0,0,0
2022-10-10,140.42,1,1,0,0,0
2022-10-11,138.98,0,1,0,0,0
2022-10-12,138.34,1,1,0,0,0
2022-10-13,142.99,0,0,0,0,0
2022-10-14,138.38,1,1,1,0,0
2022-10-17,142.41,1,0,0,0,0
2022-10-18,143.75,1,0,1,0,0
2022-10-19,143.86,1,0,0,0,0
2022-10-20,143.39,0,0,0,0,0
2022-10-21,147.27,1,0,1,0,0
2022-10-24,149.45,1,1,1,0,0
2022-10-25,152.34,1,1,1,0,0
2022-10-26,149.35,1,1,1,0,0
2022-10-27,144.8,0,1,0,0,0
2022-10-28,155.74,1,1,1,0,0
2022-10-31,153.34,0,1,0,0,0
2022-11-01,150.65,1,1,0,0,0
2022-11-02,145.03,0,1,0,0,0
2022-11-03,138.88,0,1,1,0,0
2022-11-04,138.38,1,1,1,0,0
2022-11-07,138.92,1,1,1,0,0
2022-11-08,139.5,0,1,0,0,0
2022-11-09,134.87,0,1,0,0,0
2022-11-10,146.87,1,1,1,0,0
2022-11-11,149.7,1,1,1,0,0
2022-11-14,148.28,1,1,1,0,0
2022-11-15,150.04,1,1,1,0,0
2022-11-16,148.79,1,1,1,0,0
2022-11-17,150.72,1,1,0,0,0
2022-11-18,151.29,1,1,0,0,0
2022-11-21,148.01,0,0,0,1,0
2022-11-22,150.18,0,1,1,1,0
2022-11-23,151.07,1,1,1,1,0
2022-11-25,148.11,1,1,1,1,0
2022-11-28,144.22,1,1,1,1,0
2022-11-29,141.17,1,1,1,1,0
2022-11-30,148.03,0,1,0,1,0
2022-12-01,148.31,1,1,0,1,0
2022-12-02,147.81,1,1,0,1,0
2022-12-05,146.63,1,1,1,1,0
2022-12-06,142.91,1,1,1,1,0
2022-12-07,140.94,1,1,0,1,0
2022-12-08,142.65,0,1,0,0,0
2022-12-09,142.16,1,1,1,0,0
2022-12-12,144.49,1,1,0,0,0
2022-12-13,145.47,1,1,1,0,0
2022-12-14,143.21,0,1,0,0,0
2022-12-15,136.5,1,1,1,0,0
2022-12-16,134.51,1,1,1,0,0
2022-12-19,132.37,1,1,1,0,0
2022-12-20,132.3,1,1,0,0,0
2022-12-21,135.45,1,0,0,0,0
2022-12-22,132.23,1,1,1,0,0
2022-12-23,131.86,1,1,1,0,0
2022-12-27,130.03,0,1,1,0,0
2022-12-28,126.04,1,1,1,0,1
2022-12-29,129.61,1,1,1,0,0
2022-12-30,129.93,1,1,0,0,0
2023-01-03,125.07,0,1,0,0,0
2023-01-04,126.36,0,1,0,0,0
2023-01-05,125.02,0,1,0,0,0
2023-01-06,129.62,0,0,0,0,0
2023-01-09,130.15,1,0,1,0,0
2023-01-10,130.73,0,0,0,0,0
2023-01-11,133.49,0,0,0,0,0
2023-01-12,133.41,1,0,1,0,0
2023-01-13,134.76,1,1,1,0,0
2023-01-17,135.94,1,1,0,0,0
2023-01-18,135.21,1,1,1,0,0
2023-01-19,135.27,1,1,1,0,0
2023-01-20,137.87,1,1,0,0,0
2023-01-23,141.11,0,1,1,0,0
2023-01-24,142.53,1,1,1,0,0
2023-01-25,141.86,1,1,1,0,0
2023-01-26,143.96,1,1,1,0,0
2023-01-27,145.93,0,1,0,1,0
2023-01-30,143.0,1,1,1,1,0
2023-01-31,144.29,1,1,1,1,0
2023-02-01,145.43,0,1,0,1,0
2023-02-02,150.82,0,1,0,1,0
2023-02-03,154.5,1,1,1,1,0
2023-02-06,151.73,0,1,0,1,0
2023-02-07,154.65,1,1,1,1,0
2023-02-08,151.92,1,1,1,1,0
2023-02-09,150.87,1,1,1,1,0
2023-02-10,151.01,0,1,0,1,0
2023-02-13,153.85,1,1,0,1,0
2023-02-14,153.2,0,1,1,1,0
2023-02-15,155.33,0,1,0,1,0
2023-02-16,153.71,0,1,0,1,0
2023-02-17,152.55,1,1,1,1,0
2023-02-21,148.48,0,1,1,1,0
2023-02-22,148.91,1,1,1,1,0
2023-02-23,149.4,1,1,1,1,0
2023-02-24,146.71,1,1,1,1,0
2023-02-27,147.92,0,0,0,1,0
2023-02-28,147.41,1,1,1,1,0
2023-03-01,145.31,0,1,0,1,0
2023-03-02,145.91,1,1,1,1,0
2023-03-03,151.03,0,1,0,1,0
2023-03-06,153.83,1,1,1,1,0
2023-03-07,151.6,1,1,1,1,0
2023-03-08,152.87,0,1,1,1,0
2023-03-09,150.59,1,1,0,1,0
2023-03-10,148.5,0,1,0,1,0
2023-03-13,150.47,0,1,0,1,0
2023-03-14,152.59,0,1,0,1,0
2023-03-15,152.99,1,1,1,1,0
2023-03-16,155.85,1,1,1,1,0
2023-03-17,155.0,1,1,1,1,0
2023-03-20,157.4,1,1,1,1,0
2023-03-21,159.28,1,1,1,1,0
2023-03-22,157.83,1,1,1,1,0
2023-03-23,158.93,1,1,1,1,0
2023-03-24,160.25,1,1,1,1,0
2023-03-27,158.28,1,1,1,1,0
2023-03-28,157.65,1,1,1,1,0
2023-03-29,160.77,1,1,1,1,0
2023-03-30,162.36,1,1,0,1,0
2023-03-31,164.9,0,1,0,1,0
2023-04-03,166.17,1,1,0,1,0
2023-04-04,165.63,1,1,1,1,0
2023-04-05,163.76,1,1,0,1,0
2023-04-06,164.66,1,1,0,1,0
2023-04-10,162.03,0,1,0,1,0
2023-04-11,160.8,1,1,1,1,0
2023-04-12,160.1,1,1,1,1,0
2023-04-13,165.56,0,1,0,1,0
2023-04-14,165.21,0,1,1,1,0
2023-04-17,165.23,0,1,1,1,0
2023-04-18,166.47,0,1,0,1,0
2023-04-19,167.63,0,1,0,1,0
2023-04-20,166.65,0,1,0,1,0
2023-04-21,165.02,1,1,1,1,0
2023-04-24,165.33,1,1,1,1,0
2023-04-25,163.77,1,1,1,1,0
2023-04-26,163.76,1,1,1,1,0
2023-04-27,168.41,1,1,1,1,0
2023-04-28,169.68,1,1,1,1,0
2023-05-01,169.59,1,1,1,1,0
2023-05-02,168.54,1,1,1,1,0
2023-05-03,167.45,1,1,1,1,0
2023-05-04,165.79,1,1,1,1,0
2023-05-05,173.57,0,1,0,1,0
2023-05-08,173.5,1,1,0,1,0
2023-05-09,171.77,1,1,1,1,0
2023-05-10,173.555,1,1,1,1,0
2023-05-11,173.75,1,1,1,1,0
2023-05-12,172.57,1,1,1,1,0
2023-05-15,172.07,1,1,1,1,0
2023-05-16,172.07,1,1,1,1,0
2023-05-17,172.69,1,1,1,1,0
2023-05-18,175.05,1,1,1,1,0
2023-05-19,175.16,1,1,0,1,0
2023-05-22,174.2,1,1,0,1,0
2023-05-23,171.56,1,1,1,1,0
2023-05-24,171.84,1,1,1,1,0
2023-05-25,172.99,0,1,0,1,0
2023-05-26,175.43,1,1,1,1,0
2023-05-30,177.3,0,1,0,1,0
2023-05-31,177.25,1,1,1,1,0
2023-06-01,180.09,1,1,0,1,0
2023-06-02,180.95,1,1,1,1,0
2023-06-05,179.58,0,1,1,1,0
2023-06-06,179.21,1,1,1,1,0
2023-06-07,177.82,1,1,1,1,0
2023-06-08,180.57,1,1,1,1,0
2023-06-09,180.96,1,1,1,1,0
2023-06-12,183.79,0,1,0,1,0
2023-06-13,183.31,1,1,0,1,0
2023-06-14,183.95,1,1,0,1,0
2023-06-15,186.01,1,1,1,1,0
2023-06-16,184.92,1,1,1,1,0
2023-06-20,185.01,1,1,1,1,0
2023-06-21,183.96,1,1,1,1,0
2023-06-22,187.0,1,1,1,1,0
2023-06-23,186.68,1,1,1,1,0
2023-06-26,185.27,0,1,1,1,0
2023-06-27,188.06,1,1,1,1,0
2023-06-28,189.25,0,1,1,1,0
2023-06-29,189.59,0,1,1,1,0
2023-06-30,193.97,1,1,1,1,0
2023-07-03,192.46,1,1,1,1,0
2023-07-05,191.33,1,1,1,1,0
2023-07-06,191.81,1,1,1,1,0
2023-07-07,190.68,0,1,1,1,0
2023-07-10,188.61,0,1,0,1,0
2023-07-11,188.08,0,1,1,1,0
2023-07-12,189.77,0,1,0,1,0
2023-07-13,190.54,1,1,1,1,0
2023-07-14,190.69,1,1,1,1,0
2023-07-17,193.99,0,1,1,1,0
2023-07-18,193.73,0,1,0,1,0
2023-07-19,195.1,1,1,1,1,0
2023-07-20,193.13,0,1,0,1,0
2023-07-21,191.94,0,1,1,1,0
2023-07-24,192.75,1,1,1,1,0
2023-07-25,193.62,0,1,0,1,0
2023-07-26,194.5,1,1,1,1,0
2023-07-27,193.22,1,1,1,1,0
2023-07-28,195.83,1,1,1,1,0
2023-07-31,196.45,1,1,1,1,0
2023-08-01,195.605,1,1,0,1,0
2023-08-02,192.58,1,1,1,1,0
2023-08-03,191.17,0,0,0,1,0
2023-08-04,181.99,1,1,1,1,0
2023-08-07,178.85,1,1,1,1,1
2023-08-08,179.8,1,1,1,1,0
2023-08-09,178.19,1,1,1,1,0
2023-08-10,177.97,1,1,1,0,1
2023-08-11,177.79,1,1,1,0,1
2023-08-14,179.46,1,1,1,0,0
2023-08-15,177.45,1,1,1,0,0
2023-08-16,176.57,1,1,1,0,0
2023-08-17,174.0,0,1,0,0,1
2023-08-18,174.49,1,1,0,0,1
2023-08-21,175.84,1,1,1,0,0
2023-08-22,177.23,0,1,1,0,0
2023-08-23,181.12,1,1,1,0,0
2023-08-24,176.38,1,1,1,0,0
2023-08-25,178.61,0,1,0,0,0
2023-08-28,180.19,1,1,1,0,0
2023-08-29,184.12,0,1,0,0,0
2023-08-30,187.65,1,1,1,0,0
2023-08-31,187.87,1,1,1,0,0
2023-09-01,189.46,1,1,1,0,0
2023-09-05,189.7,1,1,1,0,0
2023-09-06,182.91,1,1,1,0,0
2023-09-07,177.56,0,1,1,0,0
2023-09-08,178.18,0,1,1,0,0
2023-09-11,179.36,0,1,1,0,0
2023-09-12,176.3,1,1,1,0,0
2023-09-13,174.21,1,1,1,0,0
2023-09-14,175.74,0,1,0,0,0
2023-09-15,175.01,0,1,0,0,0
2023-09-18,177.97,0,1,0,0,0
2023-09-19,179.07,0,1,1,0,0
2023-09-20,175.49,0,1,0,0,0
2023-09-21,173.93,0,1,0,0,0
2023-09-22,174.79,0,1,0,0,0
2023-09-25,176.08,0,1,0,0,0
2023-09-26,171.96,1,1,1,0,0
2023-09-27,170.43,1,1,0,0,0
2023-09-28,170.69,0,1,0,0,0
2023-09-29,171.21,1,1,1,0,0
2023-10-02,173.75,0,1,0,0,0
2023-10-03,172.4,0,1,0,0,0
2023-10-04,173.66,1,1,1,0,0
2023-10-05,174.91,1,1,1,0,0
2023-10-06,177.49,0,1,1,0,0
2023-10-09,178.99,0,1,1,0,0
2023-10-10,178.39,0,1,1,0,0
2023-10-11,179.8,0,0,0,0,0
2023-10-12,180.71,1,1,0,0,0
2023-10-13,178.85,1,1,1,0,0
2023-10-16,178.72,1,1,1,0,0
2023-10-17,177.15,0,1,0,1,0
2023-10-18,175.84,0,1,1,1,0
2023-10-19,175.46,1,1,0,1,0
2023-10-20,172.88,0,1,0,1,0
2023-10-23,173.0,0,1,0,0,0
2023-10-24,173.44,0,1,0,0,0
2023-10-25,171.1,0,1,1,0,0
2023-10-26,166.89,1,1,1,0,0
2023-10-27,168.22,0,1,0,0,0
2023-10-30,170.29,0,1,0,0,0
2023-10-31,170.77,0,1,0,0,0
2023-11-01,173.97,1,1,1,0,0
2023-11-02,177.57,1,0,1,0,0
2023-11-03,176.65,1,1,1,0,0
2023-11-06,179.23,1,1,1,0,0
2023-11-07,181.82,0,1,1,0,0
2023-11-08,182.89,1,1,0,0,0
2023-11-09,182.41,0,1,1,0,0
2023-11-10,186.4,1,1,1,1,0
2023-11-13,184.8,1,1,1,1,0
2023-11-14,187.44,1,1,1,1,0
2023-11-15,188.01,1,1,1,1,0
2023-11-16,189.71,1,1,0,1,0
2023-11-17,189.69,1,1,0,1,0
2023-11-20,191.45,1,1,1,1,0
2023-11-21,190.64,1,1,1,1,0
2023-11-22,191.31,1,1,0,1,0
2023-11-24,189.97,1,1,1,1,0
2023-11-27,189.79,1,1,0,1,0
2023-11-28,190.4,1,1,1,1,0
2023-11-29,189.37,0,1,1,1,0
2023-11-30,189.95,0,1,1,1,0
2023-12-01,191.24,1,1,1,1,0
2023-12-04,189.43,1,1,0,1,0
2023-12-05,193.42,1,1,1,1,0
2023-12-06,192.32,0,1,1,1,0
2023-12-07,194.27,0,1,1,1,0
2023-12-08,195.71,1,1,1,1,0
2023-12-11,193.18,1,1,1,1,0
2023-12-12,194.71,0,1,1,1,0
2023-12-13,197.96,1,1,1,1,0
2023-12-14,198.11,0,1,1,1,0
2023-12-15,197.57,0,1,1,1,0
2023-12-18,195.89,1,1,1,1,0
2023-12-19,196.94,0,1,0,1,0
2023-12-20,194.83,0,1,0,1,0
2023-12-21,194.68,1,1,1,1,0
2023-12-22,193.6,1,1,1,1,0
2023-12-26,193.05,0,1,0,1,0
2023-12-27,193.15,0,0,0,1,0
2023-12-28,193.58,1,1,1,1,0
2023-12-29,192.53,0,1,0,1,0
2024-01-02,185.64,1,1,1,1,0
2024-01-03,184.25,1,1,1,1,0
2024-01-04,181.91,1,1,1,1,1
2024-01-05,181.18,0,1,0,1,1
2024-01-08,185.56,1,1,1,1,0
2024-01-09,185.14,1,1,1,0,0
2024-01-10,186.19,0,1,0,0,0
2024-01-11,185.59,1,1,1,0,0
2024-01-12,185.92,0,1,1,0,0
2024-01-16,183.63,0,1,1,0,0
2024-01-17,182.68,0,1,0,0,0
2024-01-18,188.63,1,1,1,0,0
2024-01-19,191.56,1,0,1,0,0
2024-01-22,193.89,1,1,1,0,0
2024-01-23,195.18,1,1,1,0,0
2024-01-24,194.5,0,1,0,0,0
2024-01-25,194.17,0,1,1,0,0
2024-01-26,192.42,1,1,1,0,0
2024-01-29,191.73,1,1,1,0,0
2024-01-30,188.04,1,1,1,1,0
2024-01-31,184.4,1,1,1,1,0
2024-02-01,186.86,0,1,1,1,0
2024-02-02,185.85,1,1,1,1,0
2024-02-05,187.68,1,1,0,0,0
2024-02-06,189.3,1,1,1,0,0
2024-02-07,189.41,0,1,0,0,0
2024-02-08,188.32,0,1,0,0,0
2024-02-09,188.85,1,1,1,0,0
2024-02-12,187.15,1,1,1,0,0
2024-02-13,185.04,1,1,0,0,0
2024-02-14,184.15,0,1,1,0,0
2024-02-15,183.86,0,1,0,0,0
2024-02-16,182.31,0,1,1,0,0
2024-02-20,181.56,1,1,0,0,0
2024-02-21,182.32,1,1,0,0,0
2024-02-22,184.37,0,1,0,0,0
2024-02-23,182.52,1,1,0,0,0
2024-02-26,181.16,0,1,0,0,0
2024-02-27,182.63,0,1,0,0,0
2024-02-28,181.42,0,1,0,0,0
2024-02-29,180.75,0,1,0,0,0
2024-03-01,179.66,0,1,1,0,0
2024-03-04,175.1,1,1,0,0,1
2024-03-05,170.12,1,1,1,0,1
2024-03-06,169.12,1,1,1,0,1
2024-03-07,169.0,1,1,1,0,1
2024-03-08,170.73,1,1,1,0,1
2024-03-11,172.75,0,1,1,0,0
2024-03-12,173.23,1,1,1,0,0
2024-03-13,171.13,1,1,0,0,0
2024-03-14,173.0,0,1,1,0,0
2024-03-15,172.62,0,1,1,0,0
2024-03-18,173.72,0,0,0,0,0
2024-03-19,176.08,0,0,0,0,0
2024-03-20,178.67,1,1,1,0,0
2024-03-21,171.37,1,1,1,0,0
2024-03-22,172.28,0,1,0,0,0
2024-03-25,170.85,1,1,1,0,0
2024-03-26,169.71,0,1,0,0,0
2024-03-27,173.31,0,1,1,0,0
2024-03-28,171.48,0,1,0,0,0
2024-04-01,170.03,1,1,0,0,0
2024-04-02,168.84,1,1,1,0,0
2024-04-03,169.65,1,1,1,0,0
2024-04-04,168.82,0,1,1,0,0
2024-04-05,169.58,0,1,1,0,0
2024-04-08,168.45,0,1,0,0,0
2024-04-09,169.67,0,1,0,0,0
2024-04-10,167.78,1,1,1,0,0
2024-04-11,175.04,0,1,0,0,0
2024-04-12,176.55,0,1,0,0,0
2024-04-15,172.69,1,1,1,0,0
2024-04-16,169.38,1,1,1,0,0
2024-04-17,168.0,0,1,0,0,0
2024-04-18,167.04,0,1,0,0,0
2024-04-19,165.0,0,1,0,0,0
2024-04-22,165.84,0,1,1,0,0
2024-04-23,166.9,1,1,0,0,0
2024-04-24,169.02,0,1,1,0,0
2024-04-25,169.89,1,1,1,0,0
2024-04-26,169.3,0,1,0,0,0
2024-04-29,173.5,0,1,0,0,0
2024-04-30,170.33,0,1,0,0,0
2024-05-01,169.3,0,1,0,0,0
2024-05-02,173.03,0,1,0,0,0
2024-05-03,183.38,1,1,1,0,0
2024-05-06,181.71,0,1,1,1,0
2024-05-07,182.4,0,1,0,1,0
2024-05-08,182.74,1,1,0,1,0
2024-05-09,184.57,0,1,0,1,0
2024-05-10,183.05,1,1,1,1,0
2024-05-13,186.28,0,1,0,1,0
2024-05-14,187.43,1,1,1,1,0
2024-05-15,189.72,0,1,1,1,0
2024-05-16,189.84,1,1,1,1,0
2024-05-17,189.87,1,1,0,1,0
2024-05-20,191.04,0,1,0,1,0
2024-05-21,192.35,1,1,1,1,0
2024-05-22,190.9,0,1,1,1,0
2024-05-23,186.88,0,1,1,1,0
2024-05-24,189.98,1,1,1,1,0
2024-05-28,189.99,1,1,1,1,0
2024-05-29,190.29,1,1,1,1,0
2024-05-30,191.29,1,1,0,1,0
2024-05-31,192.25,0,1,0,1,0
2024-06-03,194.03,1,1,1,1,0
2024-06-04,194.35,1,1,1,1,0
2024-06-05,195.87,1,1,1,1,0
2024-06-06,194.48,0,1,0,1,0
2024-06-07,196.89,1,1,1,1,0
2024-06-10,193.12,1,1,0,1,0
2024-06-11,207.15,1,1,1,1,0
2024-06-12,213.07,0,1,1,1,0
2024-06-13,214.24,1,1,1,1,0
2024-06-14,212.49,0,1,1,1,0
2024-06-17,216.67,1,1,1,1,0
2024-06-18,214.29,1,1,1,1,0
2024-06-20,209.68,1,1,0,1,0
2024-06-21,207.49,0,1,0,1,0
2024-06-24,208.14,0,1,0,1,0
2024-06-25,209.07,0,1,0,1,0
2024-06-26,213.25,1,1,0,1,0
2024-06-27,214.1,0,1,1,1,0
2024-06-28,210.62,0,1,0,1,0
2024-07-01,216.75,0,1,0,1,0
2024-07-02,220.27,1,1,1,1,0
2024-07-03,221.55,1,1,1,1,0
2024-07-05,226.34,1,1,0,1,0
2024-07-08,227.82,1,1,1,1,0
2024-07-09,228.68,1,1,1,1,0
2024-07-10,232.98,0,1,1,1,0
2024-07-11,227.57,1,1,1,1,0
2024-07-12,230.54,1,1,1,1,0
2024-07-15,234.4,1,1,1,1,0
2024-07-16,234.82,1,1,1,1,0
2024-07-17,228.88,0,1,0,1,0
2024-07-18,224.18,0,0,1,1,0
2024-07-19,224.31,1,0,0,1,0
2024-07-22,223.96,1,1,0,1,0
2024-07-23,225.01,1,1,0,1,0
2024-07-24,218.54,0,1,1,1,0
2024-07-25,217.49,1,1,1,1,0
2024-07-26,217.96,1,1,0,1,0
2024-07-29,218.24,1,1,0,1,0
2024-07-30,218.8,1,1,0,1,0
2024-07-31,222.08,1,1,1,1,0
2024-08-01,218.36,1,1,0,1,0
2024-08-02,219.86,0,1,1,1,0
2024-08-05,209.27,1,1,1,1,0
2024-08-06,207.23,1,1,1,1,0
2024-08-07,209.82,0,0,0,1,0
2024-08-08,213.31,1,1,1,1,0
2024-08-09,216.24,1,1,0,1,0
2024-08-12,217.53,0,1,0,0,0
2024-08-13,221.27,1,1,1,0,0
2024-08-14,221.72,1,1,1,0,0
2024-08-15,224.72,0,1,0,0,0
2024-08-16,226.05,1,1,1,0,0
2024-08-19,225.89,1,1,1,1,0
2024-08-20,226.51,1,1,0,1,0
2024-08-21,226.4,1,0,1,1,0
2024-08-22,224.53,0,0,0,1,0
2024-08-23,226.84,1,1,1,1,0
2024-08-26,227.18,1,1,0,1,0
2024-08-27,228.03,1,1,1,1,0
2024-08-28,226.49,0,1,1,1,0
2024-08-29,229.79,1,1,1,1,0
2024-08-30,229.0,1,1,0,1,0
2024-09-03,222.77,1,1,1,1,0
2024-09-04,220.85,0,1,0,1,0
2024-09-05,222.38,0,1,0,1,0
2024-09-06,220.82,1,1,0,1,0
2024-09-09,220.91,0,1,0,1,0
2024-09-10,220.11,0,1,0,1,0
2024-09-11,222.66,0,0,0,1,0
2024-09-12,222.77,0,0,1,1,0
2024-09-13,222.5,1,1,0,0,0
2024-09-16,216.32,0,1,0,0,0
2024-09-17,216.79,0,1,0,0,0
2024-09-18,220.69,1,1,1,0,0
2024-09-19,228.87,0,1,0,0,0
2024-09-20,228.2,0,1,0,0,0
2024-09-23,226.47,1,1,1,1,0
2024-09-24,227.37,1,1,1,1,0
2024-09-25,226.37,0,1,0,1,0
2024-09-26,227.52,0,0,0,1,0
2024-09-27,227.79,1,1,1,1,0
2024-09-30,233.0,1,1,1,1,0
2024-10-01,226.21,1,0,1,1,0
2024-10-02,226.78,1,1,1,1,0
2024-10-03,225.67,0,1,0,1,0
2024-10-04,226.8,1,1,1,1,0
2024-10-07,221.69,1,0,0,1,0
2024-10-08,225.77,0,0,0,1,0
2024-10-09,229.54,1,1,1,1,0
2024-10-10,229.04,1,1,1,1,0
2024-10-11,227.55,0,1,1,1,0
2024-10-14,231.3,1,1,1,1,0
2024-10-15,233.85,0,1,0,1,0
2024-10-16,231.78,0,1,1,1,0
2024-10-17,232.15,1,1,1,1,0
2024-10-18,235.0,1,1,0,1,0
2024-10-21,236.48,1,1,1,1,0
2024-10-22,235.86,1,1,1,1,0
2024-10-23,230.76,1,1,1,1,0
2024-10-24,230.57,1,1,1,1,0
2024-10-25,231.41,0,0,0,1,0
2024-10-28,233.4,0,0,0,1,0
2024-10-29,233.67,0,0,0,1,0
2024-10-30,230.1,0,1,0,1,0
2024-10-31,225.91,0,1,1,1,0
2024-11-01,222.91,1,1,1,1,0
2024-11-04,222.01,0,1,0,1,0
2024-11-05,223.45,1,1,1,1,0
2024-11-06,222.72,0,1,1,1,0
2024-11-07,227.48,0,1,0,1,0
2024-11-08,226.96,0,1,1,1,0
2024-11-11,224.23,1,1,1,0,0
2024-11-12,224.23,1,1,1,0,0
2024-11-13,225.12,1,1,0,0,0
2024-11-14,228.22,1,1,1,0,0
2024-11-15,225.0,0,1,0,0,0
2024-11-18,228.02,1,1,1,0,0
2024-11-19,228.28,1,1,0,0,0
2024-11-20,229.0,1,1,1,0,0
2024-11-21,228.52,0,1,0,0,0
2024-11-22,229.87,0,1,0,0,0
2024-11-25,232.87,0,1,0,0,0
2024-11-26,235.06,1,1,1,1,0
2024-11-27,234.93,0,1,1,1,0
2024-11-29,237.33,1,1,0,1,0
2024-12-02,239.59,1,1,1,1,0
2024-12-03,242.65,0,1,0,1,0
2024-12-04,243.01,1,1,1,1,0
2024-12-05,243.04,1,1,1,1,0
2024-12-06,242.84,1,1,1,1,0
2024-12-09,246.75,0,1,1,1,0
2024-12-10,247.77,0,1,0,1,0
2024-12-11,246.49,1,1,0,1,0
2024-12-12,247.96,1,1,1,1,0
2024-12-13,248.13,0,1,1,1,0
2024-12-16,251.04,0,1,0,1,0
2024-12-17,253.48,0,1,0,1,0
2024-12-18,248.05,0,1,0,1,0
2024-12-19,249.79,1,1,1,1,0
2024-12-20,254.49,0,1,0,1,0
2024-12-23,255.27,1,1,1,1,0
2024-12-24,258.2,0,1,1,1,0
2024-12-26,259.02,1,1,1,1,0
2024-12-27,255.59,1,1,1,1,0
2024-12-30,252.2,0,1,0,1,0
2024-12-31,250.42,0,1,1,1,0
2025-01-02,243.85,1,1,1,1,0
2025-01-03,243.36,1,1,1,1,0
2025-01-06,245.0,1,1,1,1,0
2025-01-07,242.21,0,1,0,1,0
2025-01-08,242.7,0,1,0,1,0
2025-01-10,236.85,1,1,1,1,0
2025-01-13,234.4,1,1,1,1,0
2025-01-14,233.28,1,1,1,1,0
2025-01-15,237.87,1,1,1,1,0
2025-01-16,228.26,1,1,1,0,0
2025-01-17,229.98,0,1,0,0,0
2025-01-21,222.64,1,1,1,0,1
2025-01-22,223.83,0,1,0,0,0
2025-01-23,223.66,0,1,0,0,0
2025-01-24,222.78,0,1,1,0,0
2025-01-27,229.86,0,0,0,0,0
2025-01-28,238.26,1,0,1,0,0
2025-01-29,239.36,1,0,0,0,0
2025-01-30,237.59,1,1,1,0,0
2025-01-31,236.0,1,1,1,0,0
2025-02-03,228.01,0,1,1,0,0
2025-02-04,232.8,1,1,1,0,0
2025-02-05,232.47,0,1,1,0,0
2025-02-06,233.22,1,1,1,0,0
2025-02-07,227.63,0,1,0,0,0
2025-02-10,227.65,0,1,0,0,0
2025-02-11,232.62,1,1,1,0,0
2025-02-12,236.87,0,1,0,0,0
2025-02-13,241.53,1,1,1,0,0
2025-02-14,244.6,1,1,1,0,0
2025-02-18,244.47,1,1,1,0,0
2025-02-19,244.87,1,1,1,0,0
2025-02-20,245.83,0,1,0,0,0
2025-02-21,245.55,1,1,1,0,0
2025-02-24,247.1,1,1,1,1,0
2025-02-25,247.04,0,1,0,1,0
2025-02-26,240.36,1,1,0,1,0
2025-02-27,237.3,0,1,0,1,0
2025-02-28,241.84,1,1,0,1,0
2025-03-03,238.03,0,1,0,1,0
2025-03-04,235.93,1,1,1,1,0
2025-03-05,235.74,0,1,0,1,0
2025-03-06,235.33,0,1,1,1,0
2025-03-07,239.07,1,0,1,1,0
2025-03-10,227.48,0,1,0,0,0
2025-03-11,220.84,1,1,1,0,0
2025-03-12,216.98,0,1,1,0,1
2025-03-13,209.68,0,1,0,0,1
2025-03-14,213.49,0,1,0,0,0
2025-03-17,214.0,0,1,0,0,0
2025-03-18,212.69,0,1,0,0,0
2025-03-19,215.24,1,1,1,0,0
2025-03-20,214.1,1,1,1,0,0
2025-03-21,218.27,0,0,0,0,0
2025-03-24,220.73,0,0,0,0,0
2025-03-25,223.75,0,0,1,0,0
2025-03-26,221.53,1,0,1,0,0
2025-03-27,223.85,0,0,1,0,0
2025-03-28,217.9,1,0,1,0,0
2025-03-31,222.13,0,0,1,0,0
2025-04-01,223.19,0,0,0,0,0
2025-04-02,223.89,1,0,1,0,0
2025-04-03,203.19,1,1,1,0,0
2025-04-04,188.38,1,1,1,0,1
2025-04-07,181.46,0,1,0,0,1
2025-04-08,172.42,1,1,1,0,1
2025-04-09,198.85,0,0,0,0,0
2025-04-10,190.42,1,1,1,0,0
2025-04-11,198.15,1,0,0,0,0
2025-04-14,202.52,0,0,0,0,0
2025-04-15,202.14,0,0,0,0,0
2025-04-16,194.27,0,0,0,0,0
2025-04-17,196.98,0,0,0,0,0
2025-04-21,193.16,0,0,0,0,0
2025-04-22,199.74,0,0,0,0,0
2025-04-23,204.6,0,0,1,0,0
2025-04-24,208.37,1,0,1,0,0
2025-04-25,209.28,1,0,1,0,0
2025-04-28,210.14,1,0,0,0,0
2025-04-29,211.21,1,0,1,0,0
2025-04-30,212.5,1,0,1,0,0
2025-05-01,213.32,1,1,1,0,0
2025-05-02,205.35,0,1,0,0,0
2025-05-05,198.89,1,1,1,0,0
2025-05-06,198.51,0,1,0,0,0
2025-05-07,196.25,0,1,0,0,0
2025-05-08,197.49,0,1,0,0,0
2025-05-09,198.53,0,1,0,0,0
2025-05-12,210.79,0,1,0,0,0
2025-05-13,212.93,0,1,0,0,0
2025-05-14,212.33,0,1,0,0,0
2025-05-15,211.45,0,1,0,0,0
2025-05-16,211.26,0,1,0,0,0
2025-05-19,208.78,0,1,0,0,0
2025-05-20,206.86,0,1,0,0,0
2025-05-21,202.09,1,1,1,1,0
2025-05-22,201.36,1,1,1,1,0
2025-05-23,195.27,0,1,1,1,0
2025-05-27,200.21,0,1,1,1,0
2025-05-28,200.42,0,1,0,0,0
2025-05-29,199.95,0,1,1,0,0
2025-05-30,200.85,0,1,1,0,0
2025-06-02,201.7,0,1,0,0,0
2025-06-03,203.27,1,1,1,0,0
2025-06-04,202.82,1,1,1,0,0
2025-06-05,200.63,1,1,1,0,0
2025-06-06,203.92,1,1,1,0,0
2025-06-09,201.45,1,1,1,0,0
